Symbol,EventDate
IKBA,2025-09-22
CKML,2025-03-24
MONP,2025-03-24
ATPL,2024-12-19
MAIS,2024-09-23
ULPL,2024-09-23
JDPL,2024-03-18
KODT2,2024-03-18
KTJV,2023-09-18
HPB,2023-03-20
INGR,2023-03-20
LRHC,2023-03-20
PLAG,2023-03-20
TPNG,2022-12-15
ULPL,2022-09-19
DLKV,2022-09-19
LKPC,2022-09-19
SAPN,2022-09-19
DDJH,2022-07-14
OPTE,2022-04-14
IGH,2022-03-21
KRAS,2022-03-21
PTKM,2022-03-07
DDJH,2021-09-20
SAPN,2021-03-22
TPNG,2021-03-22
AUHR,2020-09-21
HPB,2020-09-21
MAIS,2020-09-21
PBZ,2020-09-21
VIRO,2020-09-21
ARNT,2020-03-23
KOEI,2020-03-23
JDRN,2019-09-23
ULPL,2019-03-18
INGR,2019-03-18
VLEN,2019-03-18
KRAS,2019-03-18
ULPL,2018-09-24
IGH,2018-09-24
JDPL,2018-09-24
LKRI,2018-09-24
LKPC,2018-03-19
MAIS,2017-09-18
PTKM,2017-09-18
ZB,2017-09-18
VDKT-R-A,2017-06-19
LEDO-R-A,2017-05-22
BLJE-R-A,2017-05-22
VPIK-R-A,2017-05-22
HIMR-R-A,2017-03-20
LKRI,2017-03-20
VART,2017-03-20
TPNG,2017-03-20
SUNH-R-A,2016-11-21
MAIS,2016-09-19
INA,2016-09-19
RIZO,2016-03-21
LKPC,2016-03-21
PTKM,2016-03-21
VERN-R-A,2016-01-27
HIMR-R-A,2015-09-21
HMST,2015-09-21
HUPZ,2015-09-21
LEDO-R-A,2015-09-21
LRH,2015-09-21
PLAG,2015-09-21
TUHO,2015-09-21
VDKT,2015-03-23
VART,2015-03-23
PTKM,2015-03-23
RIZO,2015-03-23
VPIK,2015-03-23
THNK,2015-03-23
LKRI,2015-03-23
JDPL,2015-03-23
ULPL,2015-03-23
INGR,2014-09-22
HUPZ,2014-09-22
LKPC,2014-09-22
VIRO,2014-09-22
KOEI-R-A,2014-03-24
THNK-R-A,2014-03-24
DIOK-R-A,2014-11-27
LKPC,2013-09-23
TISK,2013-09-23
VDKT,2013-09-23
VIRO,2013-09-23
KNZM-R-A,2013-03-18
RIVP,2013-03-18
IGH,2012-09-24
ULPL,2012-09-24
ISTT-R-A,2012-03-19
KNZM-R-A,2012-03-19
THNK-R-A,2012-03-19
PBZ,2011-09-16
LEDO,2011-09-16
CKML,2011-09-16
INA,2011-09-16
JNAF,2011-03-21
ISTT-R-A,2011-03-21
JDPL,2011-03-21
BLSC-R-A,2010-09-20
PBZ,2010-09-20
VDKT,2010-09-20
